staff_id,first_name,last_name,address_id,picture,email,store_id,active,username,password,last_update,,
1,Mike,Hillyer,3,"PNG\

\0\0\0\IHDR\0\0\0y\0\0\0u\0\0\0Ze\0\0\0	pHYs\0\0\0\0?od\0\0 \0IDATxLw?gy{~Fawgwr?fz{?v?TUW?tIV9\ABX0?IL??`PZL?sSu<V|?ot磷_~{r7_?gn?{?:`R.a\00\""Q A8VD?N? HS\""	g`i?Y?0d!?\",,,,,,,,
b4\03%?LflΥʁ?D\\\\?rR.ĘD^)@VERB-%L\\ItODlR/ddD.rF,"%l?$?? Sd>QIB?frIE?\""?eH",,,,,,,,,,,
\,,,,,,,,,,,,
:(O? Xg+\,,,,,,,,,,,,
?&???\\*R,"DEPȒ~}???ȱ._?|[qxޙtE?PDK`\0K(	x	KQƉ2?P ?F^@?Nč?e?lcG(\""N?ۀl񐘍D̵pC5?2B)MgB>$CB>?6ḗHmө:ftǥl<\\","@t2d#hGT6dcL\""ȧ#r6ƥ|:ebB)e#&±P?S.?V0",,,,,,,,,,
?a1@(\0g@?HB?H,,,,,,,,,,,,
"$i\""?IB?̀R| ic\""TZݻGzc?>zKw=|p3J\\*?JH	\0/d\0?D$`E?p?\0'?\",,,,,,,,,,,,
"tg /teJWbIAq$?ɀRJPCCi??Vb~ 䣲i&?r	&bA4Mt2HeH|xA?",,,,,,,,,,,,
"Kx{???so%hOƃl:|#l̄\\?Z%#\""b",,,,,,,,,,,,
"	J?9?2@\0i`?1I%APL?	Y???H?","3T?qR?E?KҽtZkɊAS|&??)D?VDq'/\""7c\01(_!?RQA8QB?*?|̕\\Hēh(DGJBmR?j1?\\&\""dO'X\""_wӥ|SX?'zONN?9?:;?ᙵlkf߶ٶumf[Xm6?;?5?m?:]qd?J9A&v،HŘ|Eb?3L9ED>ÔK<T@ThaA??DS\0NC$B?N8\",,,,,,,,,,,
Q,D?M?\,,,,,,,,,,,
"lE?)?%?Pȩc\0VJ\""0a\0?/?L%?p2?43\0U0\\?W`??h4PQd[p?h?Ɉp?|;![Y.ݠŉ?nmGz_pΝS'NL+s;Űk%D\\??Z\\m3;癝;?m{޺`ݲZ]~;7m[?\""nGz]{54T:T&?t)Id6&P??CT	a\0?I\""y\0PL@X",,,,,,,,,,,,
"$yT@?D?C?Ua?Q0?eh?T vcs T?VD\\/L?bE\0A2?ֈtFrb.jt+\0I\""mo?]>?qCY72>ڊۿ?Ԫs}bʹ?)v0ILM.uN9r$??X~8@C8b_? 镵w3YڝEWȱ[mZVւmj߶B.Gls[@p?DJLD?fB?y\""@_!9` /?R M",3L@?hda?ct- Tr0Q@?ND?WJ0?+%R%?h3*aɊ\0?HW?ܡ?]J8?٨THI?v{&o?F\\ɩS?d~hhgKNZ,˽T?cKK}?-s}O?}?NFl˥B,,,,,,,,,,
"It?hǠ@H	G@\0׷;鵭gj?6arOMmZ??^-l-",":&?*3i:cE?EPBP ACsƳ0sr?4Pd;?Q?f\""?H	\\?\0C?P\0NPC](?T\""$́?ȂXJ??ڊ{}y{l?66?4=??쇳ޜ/~|Llo?=sbxzW7v/`)3ŉG~b]?}wppj?`","?|1CJ*Bp*HgT:?d*MSx<?3T2Ex\""U	Gp?k鵭??;Ff[Vkhq)]oC?<Fa","?R`7Z\""N\",,,,,,,,,
1,D?JDXB?{?,?0cEF&?^?%ʊTe`4gSPADrJȔJ?ѭڒgftuf?9???ܜs荜yn{\\w^\0-?_tl?,On.!}2'u~yf?60<s2g?IG6ex(+V,,,,,,,,,
"t.?rlT6+V\0<Y6?&3YPfJ$\""eڼuqdjyf?6i]?7a? ?a??qBe?	Q0E?!??e0?c B\0^Y@\""xfg?	рTHu?? 	?}Ďm?>?5?5v.J?D(NG",,,,,,,,,,,,
j;CU~tBJ?(3޿E?r(Xr??(,,,,,,,,,,,,
"R?l??'_h}ߓO?W#?=Tj;=5b??94?4wbp?ldP6qXɠa?Q*H8C?A?(BTf?TbK%2??&?3\""S) \""Ѹw3٘?NLYl?m??d\0*?YR\""Sa*0T?N?a8?1cy?bxJr?@",KE2?#;PԗXґ]?#X?zb˽hͬNMz&Abv݋R6\\<ƧLo?ۛ.v?k?_{K?n??N+XA_?|}>ώF,,,,,,,,,,,
":N}?!eR)S+;3s˽?&tjTOhm?O?RI%IxIJ&)	?Q0L??r0@\0\",,,,,,,,,,,,
)d!Kx&3LFS噵G-MҖc)-G? ?Kѹ%?0? 1*rd@?3 ?PƋYAr`?:SXCK,,,,,,,,,,,,
{gs&gjm??,?:e2i6I{dv_?~?G>g??8r͏?Y?;l??`mbLO?C:<ٙ?cvj>\,,,,,,,,,,,
OŢQkω[?;|ӛ?,D(FWФߧ1T\,,,,,,,,,,,
"?pBceWHVh\""e?pq",,,,,,,,,,,,
8N,"P?? P sy.WRy*Q\""z0޲&fm?}@p?ف?$",,,,,,,,,,,
eB??VI ?V\0r@E즛H? wgUT[,"\\.?+I_|cqmabirdir?9?V?`0@eD*?\""T6MelJx2-;{?g>W|h^85Ze۟ymgŶ?ExS?ۜDoHO?CSc3?Ʀ??k?}uXωc'ON\0XN'rƳguEIQt?T9^exfyIZ$HE?CP?Se?*<\02????@|?\\wGgcٹQmC;?](Re?RBl	?DBSp<\07t?گ^PH?|Fj?_u?Z?U	hFt'l?L?8$?<[{?ُ",,,,,,,,,,,
O<v?~?g??yRsomU,,,,,,,,,,,,
"?fك!?cSSSSSӳ?}O?12?=?n?][ީ?3#	`\",,,,,,,,,,,,
"H%Z[[̩\""#I	I2+",,,,,,,,,,,,
"4/PL?I+?p(A?\0?D\0$Ur0Gl??WkVŶewҁLpT?U(S\""Mb%^Crw?E??QҶվi{m#kPLǉdH&DĉR/hK%\0B?_?ŶyKgZ2	g\0gxb??;>?c?XuN\",,,,,,,,,,,,
O\,,,,,,,,,,,,
\,,,,,,,,,,,,
??9<pbxwl?lf|ĩS=}9ejn|`|cblan޶X}[<?e?Ȋ?,"j&I2+??@?J?ҼDKUN\0GDr?`\0aNx@?ecY9&g]V:	??I D?lMTr?}?0???>?:Z#	0a?MQ?Y??LC\0\",,,,,,,,,,,
"@<Rip??wv[Ue}zzfe?C:i?۴?iOا&?cs󣳮Ѿ??=CGO?p[o?y[ndhӃ'NN|jp`trrv?|2M!?kɊ?h?$\""HD?rS\""O(+b?L??`?CDxе?kw/8\\ێg5}T?NkזYlWˣS)wv>?X?(MS?[*?", Sxq??M?c\\`jƛw?u??KߔovI\,,,,,,,,,,,
_nskqb:Y.YVF<Ӯk{}a?i]?[Gf?{?zG{{NoySMoM=4p?O?9s@ѡޡ͑Mx՚?)rUtY?ȩ?1?HS@?)?/@q?0NT0,,,,,,,,,,,,
@d/|Nt?Φ}%?g;oݝSז,,,,,,,,,,,,
"??Ê{XN[?#T9dp>SX!CrL???b*??@&Iw	Y{+#ÃC??hO|oSS#5m-.",,,,,,,,,,,,
"?چm66??:;3:;?:|jlgtp`?=~-?[z?z?u7?iѡᡩq?L?VWdCk\\Ժ?Q?UDFD]eAx^y?R	V?",,,,,,,,,,,,
"&b?\0P D?Xd?6?Ʌc?\0lp5oll+sItdS?P?HOL+dR-\\Q(2(МL?˩[x?ϼ?wzjmukaLZW6f]\""?<uC{\0F\\Cι?gOO̎?:}rT@H'o<yp=C=N?zޛ{o?uȉ[zO?Y?)V?VeVk\",,,,,,,,,,,,
"CuIDUfȊK+5^m+}UZoڞRordU邎q\""HI `(R:\\΄6rͶ8=똜mؖ\""?IUa2S)\""??*A\""\\pquQP(Z*/t4?MV;oww.EBѼgmgn{?oN?CU{rY9??RI_'uR\\?7P?\""?k?k~TXTtܰ:\\um[67^ה?;>9pT?'_99x?}a)?mT??S9",?oc[v zSHx]Ys?nӷl_Z]r{iǼmNι?ۦ}%_p?7\,,,,,,,,,,,
"gZV6V?clhZڴ/:f??VwxeˁH9D@4P?XHe?DfT??7(?q	*F?NK?{W؅?z]x*XS};mcMhrDTm_|??x?/~?g?y??xJ?:<vMy\\SU˺׺t'2Di#W??8?c?p|֑o???522㲯l","yWnZ;vʺcm}q?cw?KU5i_[\\[?l97ם[>wpcy˖MǤ?hY?K?+%ǷurW=	gtx]f`i5ZYzQ?Zn-[>?r?sֺ]s;n}ݺX܉=uO{Os?}-龪ie)?Տ^?6|OOW?i^3CӼf??O?}?zc}[)?#p?I??9? ?Rb9???d95w[O??=qk?.kɤ7_MG=N!nfKRn'd|b?@0\\.EhNUQ\0PP)R$??14`Y??Na1N\""Io}tbuz?z?kYY]ܶn??}uenm]v[m?Һ}?4m_]Z","[?+n˲sҶ2we??vB~OՑ]u;uX?|??拦yuy׿??_}cĻG?ｌt\""?@i\0?\0<P!???",,,,,,,,,,
"nAu0?LyfGNYzOL[{G{?'?4Ln?Ӯ=ŶXހ?F?H@?rEa?Lms-Se/\""e?d	K(QƐ|E@8Vd9tz?ONZ<+??Ϥ}y暰ͻ{3ތxN?mTΗBN?\""ND%",\,,,,,,,,,,,
"i\""|\""\0D??b??!|fýp.?wly?u?ydW?|K>voS?V|C?0A16BJqJB\""<?m0Iᕱ~Kzgn훜q\0Y?&ʸ?@?K??±+a?&H?KsNs#q",Br(E\0%?!tP?M|vk~?a9rz\\#??aʸmy¾nt%?cY_Nfx˔d#| ?taRx`A?P,,,,,,,,,,,
"M\\uݍ}6?I([V܋ã+SnZ?|t?2M?4gѡ/_G_y?~zqMRh&)\""sqZJJSB#W51!?GI{6ֿ?jdSÖ??Jq8*-)PJwRx?%B?8d9QhAfExf`C1'?btW?E\",,,,,,,,,,,,
"5t?o/??\0\0 \0IDATs?5W70TX\0K%2_\""???^(? F?ġ\",,,,,,,,,,,,
c?B?{y]|ɧp\,,,,,,,,,,,,
t\\?K[v?`#?inu4?_;z/}_#O~ѿ}]zEYRmJGP%IiV?RVԲ?y^?$XIV-őS'OM\,,,,,,,,,,,,
ZNMaFJUN3$M?TZ68]&%eF?CtS5^W$x?UNAeQi??e?HlؖlsI?AKԪ?Kxw6l?:>?=r?a9eBi\0?B0(??)?'L0,,,,,,,,,,,,
Ahn_?tzHH&:?sv̹??/=_|Mмb^7̣#???o^}?'eIYˋj?f?>?YkyV,D2B1z?,?X?O?[;N[\,,,,,,,,,,
4KU|Me\,,,,,,,,,,,,
"B?UJurMtM??+<+\""A?%_?2h??M????WmCSV",,,,,,,,,,,,
EnC,by5Z,,,,,,,,,,,
"?nJ??%Bs*-klBI:ҕe?C?	6?/:9$Y@?wz>o}üv?y?c~G??xޮurnk%?FKZ3",fQlffE5\07?^N;?aֺ?Ukz5\,,,,,,,,,,,
VUЕ&7T+M]krMUVUjV?uCU}l?n8V?Kې5?a?d9A9_ٰL/O.v?~439:]`,,,,,,,,,,,,
"p!E?k?^Y\""q?Д%aUEg5VdZ??vzvfw\\",,,,,,,,,,,,
,..ML?ƝO݆>s?Lڑy??a}??|?~?\0Q?ojQSf?Y%IjiVI2FVIhzY?j`\,,,,,,,,,,,
m3#qScWp+UCmԪZ[7\,,,,,,,,,,,,
"ըZк?Z?jӐ4MPjg4jT?u? VM&8#y)EEVƖF`XHtL@d\02[?v?t?.?֝P&?wU^XIgUdVW.g?ip陇}bk^Ԍ?n{+?W^6_ʡikW~??g>?o?.=t?mNWc??I9MIBJB????%Z^kE5$R????/̮?WWUmj[VhkJnVսiʍ;?ܱwV'X8]Z痦F?;}q?tu$B??Yy	?cBaǏ?x\""?d*Jl	A? ??!J?ZXg","?{p}Q4Ekk~`K;J(????؃\""_̋y|?Ӽztyxtd?_7?????R?ȳ!?IOP|?48p6IQDKF?Bg?#ތk??{gtr?;?04:{?U3ڍZ^?{U]S:5ePvuufBP@?aY[]Z%%@_H]tA?#???Nr","ݱ?T\""1\""DRqT?\0h\0@'8gAR%e`J㘴&",?;ʴeuW͆Tkƹ^!??V?wsFgq,lky???S?:::::2?^5??S??ɋ^?\\E?)@Q2,"#?I:N`J?IJɰFAUjRo?To?aPߌݺ6=\""`J?z?4gk~vZݫFe֤fW?W??u(:V??qGn;Ӥj?NoʌrcAu$Z?A?gdg0Xro_$\""Y(Ɗy",,,,,,,
XQ?y?0N@?,,,,,,,,,,,,
?Ile^Zw?fF{JZ?۬?܄X]?P>CҢg?s7̣7?GWLUy\,,,,,,,,,,,,
kK/?__??1?DA5KK)RLTb8??1Ũ9^r*?\\oX=ϟCܨsd`~ɹ9:e??Kj?vk?UagZݪkuΝeMkr?@?nk+Th\\PXEdT?Z&Ee9????p2ǔt,,,,,,,,,,,,
"?B0'x?(?(?N?^:g\\h]I?Vcyֹa[섈\\@uH9S?Pv?s؟pszv??KѵẈ7̣GGo?:|O_}OoS?}_{fzRR\""?\0|?&?P?5Hu^<EmWd???2b?X~3?Mhz6vZ?W\\Iujs 	qb慚\\DCX3!u???O!",,,,,,,,,,,,
x,"?pg}Q\""W&?Tb+","Br8?H?NS!SB*#j?ӚnoA??}w1JfT.duK?zQO}/~l^}?j]Q?^3ëoƕẈk믚r{O|ǳ.C߿?9FKQB?Sa??(jc匂h?`\05UP>'dr0?|zwZd[zP֪k?j{l?uM?ǜcy?SAb3jJGZhԕ?VoXWDCuQxNĪj-	DR[!I \""?`?U ?D7ī?\""#(?2?",,,,,,,,,,
O?O??Zs?L:wo_г6}˗wۯ_GWoP6?Ǎk7W^2<O}Wk~G?<3F?b??i-JqJMR?TUPJLKgt?F!mve|zMobo?vQ;WSv6t?V֬E??_Mٽ;j|rWWu??+uERS?3*GK<%z,"?vYǦ2?X J0?#`D?S\""Lk\""+u?Zwuu\\eW6󞻉:?U=_|ףW?yx%~uo|!?E\""Duh;1LZғ@?$%*rP˾ln;?+~4΀ܺ}?;\\v䃆[;{}e^u¶0j?Y[TonUk݆֩)U[*_]C܀U?fu+\\Mks2?ǒasR?h ?D?\""??Ӛk<Z?bઆXY͐P?4\",,,,,,,,,,,
yh?u??o=??*_⭯|Goki^7?^O^W_??O??x??s9?\\5RУ?ÄF!%ZBYd+ZZGo/??ˋ˫MeCh,"U	Έv?nu¶8i?]B~Av[mTN]k4VSԔK[`JM]ikrCjU*Ҕ$yhcY_?8aAe<y?cT98Z?]?UTP]uӫQ?nH\",,,,,,,,,,,
Mnb?RwFkWk׿[i7^4Y\\?2Goy?Gν[?S?ZxlƦ6HNA5,,,,,,,,,,,,
"	?K?g;X.N[fmc?Yo?XkR?zz?[\0?nwN8ֵRwuu$?kmUmzjF?Zv5SSv5STҕ?TJMEhI|MtVDZ=ر?犡$)\0@/7-I\""r??XE?]0n$?eW㪚hR?j)]WhW{/W^1_{?=}cy?ލ?w??@#觽Y|n?/ٮZ ?RF",,,,,,,,,,,,
?-s?X^J9vf7ӎ?{?l!VeaN?rlUZO/Z[??[q?֖jGZҨjݺn)]C٫{ҭ껺U*t?]i+bu%'܌~,Ggh? D?)`eY?'tU?RCj?ҹaԔNC鶔vKi??('j7?{}㍟ؼK_y~c?i^b~`^_gy?Et^hFčhZH,f܌Pѽ%Qfi3^X?f<H@':ԙK?Z?Tr-u~3?;v MYkkڮiZG5ڪԴu[}Cm5g]?ճUutmUQĆ&t?,,,,,,,,,,
???SY,\,,,,,,,,,,,
?p#)ZgUjH\,,,,,,,,,,,,
E4dP4i5VMijuju[zLSˁs?2?'sq?߼s}?ǿW^y?o^7ͫ?_4wo{j?P?i?+e#Q8MB3TjD!֛BQ|=V^I9?k'XB?YZOF4I2?͡s}@lj?׽P[;߬i5η?^u^j[ZQݭݺgh{ڹN\\MՎajZGvuuPv\,,,,,,,,,,,,
?U?b$Uiz,"[9$?\""$",?B?khBC[\\W?4k\,,,,,,,,,,
]kJƛeVZkhu,,,,,,,,,,,,
"?>Fk]o_?gWͣ?/~?«۟ޥ5?4?Ըo?ܞߘ?\""?9{YX@K}\\fwP_хѓQcbaq?qi\0?+i0!]VI{ݺnhj\",,,,,,,,,,,,
am]hڮ^5nU߭{~U߭v?k\,,,,,,,,,,,,
i?]jRG\\??1Fxv`?1&?R\0J,G?.֫rSrJuUuQZwjFvZz{>\0q/>w?7K?/`WMk/?o~N|?W^3_fy𩋀HrћpzK^l+.ٸo1?͕V?Sƌ?X?R0ȮTռ7NFNɱڏ<v{Y>yN/:\,,,,,,,,,,,
U7?eFu\,,,,,,,,,,,,
)]C?qn?~M߭{^[[ޭ黚]״]Uj$4KuYnJBS??gGơl?A4HPC,,,,,,,,,,,,
<?u|S曊R?4*\,,,,,,,,,,,,
MmjK5eкU?j[o??|yWqü,'_+G?k?_|/}&J??MZ?h~?m j.TB`q;YMfR\\v3XB??Su||xa\0Bѭ-c_WUuOWچn?ٺ~ШknkgjQ߫WUkծ,??)]Y?\\]d?[;?N\,,,,,,,,,,
"??\0B?S?X?e??Il]ڜX䆤4mI?RSW;5}א:MuuNGnpڧy|W?xԼ??[櫯?oo{{ݿ>.g2nMqc?Q<|Gl=|[J5??ʛy4Xw?Jh\""C0?B?ddlN?G?F;zIM1{^|qcR^?[m?NuoԌfLk5jճV\",,,,,,,,,,,,
"?׫gT}j]]ս?ź֏eɡr\""@$\",,,,,,,,,,,,
"?qR*\""[?n㺳ثmْ-j?{G!@?X@?{;?Wt?)u??q6՛_ŉw[??h??s\0^w0?V<Rxe%??Aʷ?6XA?SBFX};?xQ}͗?_Y7.W߻u?G?P_o>3֤ShTvo]g9+/^Uk?xop`?6?tMw??]mC?pXib?>kY]	??ţa??P)8?t8Ȇ?`^<짃~",,,,,,,,,,,,
s??E$GB,d\0頗(?ٰ{?W?}G{ogk`adf~tfaғ[?{sD?EV`?mGtO|x(@LG??4aZYffY}Wuwַ]z?ƕ[7?xw/͟ůǞg҉aOrd\,,,,,,,,,,,
}I篾?nTo\\uK?~9l~_[վQhk{n=?>e_]?Q8<??%鎣mE$H8!?,,,,,,,,,,,,
A?,,,,,,,,,,,,
"\0G(???J0$ILG\""T$Da C?:!?@A#ZL<xd?}n3?-ϭ/ί?7V#?ż??b\0",,,,,,,,,,,,
Q? G(8Ba(?,"	?̱sw??C?^yGzz?W?T[;ߟ~?e<62=^|[}-U?x?_~O","u@ײwq?LΘS&׸qd?[g5Ǫ???T̟:$N!?b<I?\""??(?a8qB`ؘ?BiX?\""p \""ҼHq6&RG",,,,,,,,,,
)0Q,,,,,,,,,,,,
"C?$?p0Q/4?z?VFgV?VV7+K?Kk^?m?\0\"">o8B1p`8?D\""0?¡T?__os?޼zzzz[7??/^R̗pSAwO?U~?_P^|E}믾	?Gp׬of^0?Ms3	{gv{~{?1?ax4SѶ?JP?V_?1|iY\\VÞ?d?m&?+\""?{'=KΉ9D`fugpatb??vrif&]v=wU߾??K?d=Hþe?D?<??QBB4 uXQqJPcqJfX?d?#EHtf?7?_Vw?\0\0 \0IDAT޺|냋KWn޸?Nrkk~'>hi/?<)>Y߿)~w~F۟իWիߞ`_ab?olln??mr?=l9WB?x*!HR	D\""Q{ܽ{?vܱ=yĩCg:{ɣ?ĩ??Ǐ?R}os䮽߱W}??tؑ{csǎu޽5uGul}-VSgMfm3\",,,,,,,,,,,,
"Z?Fdtt̽6FsmDM3-gN=~āͧONtVnԋ??T^z]zzzzz?7??{W?|&_?OJuS//~'{}S\\֧\""mİXtL̇٫lŵ缽3ӡEx|X|?-?==\\S=G?֝ԉ;O[йO:[枚Cuu??~?k9S{x~tTwHSc-?uZNVwhڠ9>{ԡܷ?W8q;?R[{g?t?Ni=kj?k>w\\|갵6??gGO|M?_3oGo]޸޸x_z?k?rOG19?J??굷^F:^޼v׿{`?nݳ3r̬[??<2ؼh?w}=#AZ?sĬX?8?T??xY6$)h\""??BB\\H?X?dY",,,,,,,,,,,,
"?8!Ĳ^R	",,,,,,,,,,,,
"\""LoPl?y?~XC~b.e4<F\\Plr[CQs|DkkY^\\xݫ?p|\",,,,,,,,,,,,
"F% I/<ėQb#?|?L?Q?\0Ǯ`qWVYzmꛯ~뛯?k???W߹uuW[?o_~£˞??DLvwc3y߫7?f?|\\Xt?|ɩvZge`oLK!\""??_\",,,,,,,,,,,,
Gu?\,,,,,,,,,,,,
?Z8?FDd}P/Bʏc>??!?z\,,,,,,,,,,,,
"`\0Ĩ0F\""?\0o1و J\0Y\",,,,,,,,,,,,
!?Mp?\\]w?]ձZh)?_??z|\,,,,,,,,,,,,
"x%\""+J(?D6\""0CC+?F|a??ͭ^OqQz[^S?[Nk?g\\\",,,,,,,,,,,,
"M?G펨s?S꥿~cqL̵uV7.Y\\5Վ???k^_w?zـ?I?8?D?B2?BGp?a?ㅩ@@d(?T8B`\""?~?x{DA}a<\0#Adݏmp?YkBK+??5?^ZYy˾?gͷ?X\\hu#?@z^f?!??`2? t?6B!nicp@o޼^{OoogW?5#:Mkmњ?F#?@u?Gfk4;qJ[J{lGPa>mlԵ8k<p?wcTs?Q<7(Ob>#H(","BbH?}0B`?\""d BP.Q~q_???`8\",,,,,,,,,,,
"C`x#XV}zpu?Z	V?C?Y?-{5",,,,,,,,,,,,
]ߘL?gSB_\\,,,,,,,,,,,,
"nW?kUgmW\""?t-\""??pp?`?~?7BT ?1%ˏ7^g^zzz?n/ϾƋ_AVK\",,,,,,,,,,,,
&RGtCk}gm\,,,,,,,,,,,,
Fschxc}M6cc?uwmw}nl?m0\,,,,,,,,,,,,
"ն?{᡺6lah_uyG=?/N1ć#~?t??xCH%`?F(:H??`<FS00I#?TB??ʄ(&\""(?Fq:@P~𣚰g*?Zw:燇Cʌǻ}kK?g#?@փz?#?G?Qd??FQ&LaZ	ʆ_?=Kwo]|S}?뇯??o^Yh_hik?;5pQlm?6[3s?C\\e2=;a?[]3nWs\\@]Huٚv{?\\w&7??. D?!?<.q8/`q?cˤ\""`@?!p8Oc","!??\"".pϢ4BsE!JO\",,,,,,,,,,,
g??៙]/?эPd-Z?,"AX`?L10Aa8h$Y\\?Ye\""`?\""$yyUzzM__zh]}jc8m8]?Tnz欮s?`v?f\",,,,,,,,,,,
"ek?sL{?Zslhu?:jjg]?Ng`l}b?0Q>?IE$9ZXEbbU%J?!	?KE9B@DR?%q8/ߖ?<!??s#l?eLaAY?S\""CjQ/z\""Dܔ??#?ʣ9`Y??y?Lh?RRVd:gR:*",o?\\R?xO7vo[?[ilk&T]y0a?{e7?-\,,,,,,,,,,,
wu6;?otXZz=9o?8mL?ݧj\,,,,,,,,,,,,
?dY?X\,,,,,,,,,,,,
"?&<56?LJ?2SȸH*H\""?<)ǸdēQNrtg?hE?Rd:&R!$RO?!ȸ( D?eBDV?k+o=Fa8?T#?8JM\""<̲0",,,,,,,,,,,,
K$!P$G??,"t$?*?H?\""e32B~6\0!񋟩.?_o׿}hd͓\",,,,,,,,,,,
"MF??NvP{?L=?dukk0?ww?IoȽG[WWvj?ZWKHGפž\\?Zq?#?䈘H'7c|Fa??\""XE`cb\\RaQ6!Q\\L`c2?JV$Z(E<Y dlL&%ZHQ&%?5]ǃ>4Da4a?`T?`Hq- ?\""1`M?%ȐCJc?G+<#L??XMdL]`b?Wү~WO}klL?]5FǩZe~?lܘ/`vf??ǖROdX?y#5CqKm`?\",,,,,,,,,,,,
/X]PNLg?H|J,,,,,,,,,,,,
"?@D%*.1	lRR2%&.11QHlB`2PBEB QQT*ec\""R?#ˤ(2?@px%\""\""?\""X`)`0<̳A@eYTq%7XF?",#qLRS1!2)!?R?<^ʭ˿?_|?!?SM?ۉ?мeɒꝚlYN5Jk?lqgdcxn?xG?|{mK?hrYǺNw?Z:?}]s]NOjc|eh]y<?q,,,,,,,,,,,
"|\\Q%#	iM(LZ\""Sq~S?2	?Ip	K|JS",,,,,,,,,,,,
"RD%*ӵģ\""JV`b-I?B+k@?Px#`q:L2DhI?0:Tp?DRɍ","p?d862??E..qWbb\""\\AQ]TxzW?w??O>?cO|?FhK`SH}5?YUPbcS??i?a?c?qxO`}?3lζ?:yk??0?扬\""?O'	g٨(d)!rQD:\\<*e!.rQYHn%E>%idR??ؘe:c??Q1U$V?Ea5T!Ʊ0J~?Igyg\""4!PQNGH!S2A+",e6,"%R*.?w_y?﫿z擟\""~7Οt#L~s7k7˪|??L<?$P?Sg",?ZV,SΡ?pm1csZ\,,,,,,,
Yk?q/W1JB??/xA?KɊE%>&qILg$|Z??OtL dEDLTNtL?2E5B?N??B(Cc,qʒMb,"s$Ʋ`?!фL?Mx:)1	E:?qN0L\""?","?.?TTJ$U_z֫+_[k_/>pxt:?ҨsYvE}?y}$⃔}zow1^kjX	\",,,,,,,,,
.s?Ʈ?w?k5LZ,塙ex\,,,,,,,,,,,
"K%>IIJR?c??fd)%K)IBB?\""??!%	i\\R3\""ٔg.1.SQ6eS",,,,,,,,,,,,
"q?R9Z4X'`Xcp?c	QOK$&RB?G)L(CiRa?K\""y:#0Y͊T????D%!?.?굋?P_׶R;HrsK\",,,,,,,,,,,,
F%?˟o|?쉦NOSl}k?M^bb}?9m?lu8[쳶VPm?iu?L?EIf?M,,,,,,,,,,,,
"\\ZR?E1-iQLJRJgX>-Iᙸħ$!sp\\qiK)\\J?p	R6&rqj?I\""4?D`9`IID?RpDe",,,,,,,,,,,,
"T?O'*1rt\""?Hd&?i(bFUͤ|R?B㱨z]wԋ>j:i޾O	?^zmW_՟|??̉UТyh?`tF=3isn?[?-}#KmuNLO^NcDLH¦e?Er\\JJAH	BF6E>+",,,,,,,,,,,,
"?	??ٴg$!?4(VD\\Ll\\?jrPie?Phha	ES\""F2C*pT??ehdc?ل\""f8\""ed~Sd??l_?M~ݫ^zSz?}u8':m#F۸{u??|[/?Cayxa{??;?o^?Nt?=-=?}?v1n?^Nk?}e%ɳ	My?/?$&e)%	iAȈ¦erL?\""fd1YS2D%&-ө(	KILB?1&Wi?1?eh	?dL0D?.QL?QD?Z(Kx6A?8*[\""ٴg%.?o&x?V?x[=d28#&ǀw{{ְb?",gI?/IM?NYF?Si{Z\\.Pio3ڝ&ǘep?4n;,,,,,,,,,,,
*5`e[\\,))rlZ?%iS?U,f1#YLdB`?r?aXTޔ($$)%I)QL+yߔH?:-1???O'E:PY,,,,,,,,,,
"q\""P?",,,,,,,,,,,,
"pT@ay)\""?q҄?E?t??c?K?!?IIJBgS",e&#iMlFd~S??8pz_sFwvc7ښŞU5X?ݫU?<?>?\,,,,,,,,,,,
?GL#??s?2ipYC?{si?5['U?Oة76m?H4e9OpBӜͨ6e:%qYItRf?[,,,,,,,,,,,,
"gx>)YIp\\J\\F\""Qجdd&#0iNILJC\""4?","r$*SDCx	B\""q\""??2ʇd?",Ǥ.#o/Y??d)+?׆ݫ^}O.tOu\,,,,,,,,,,
"wz?{Wmg|?6isΘ?Cfהehk(25Nc	Ө?58]iT_bqv?u?{ƌ}I?<v1?*yTyFÏdoߢ\""-h)?IO	BFQn3mI\\F٤eD:)?/	??AHq\\2?e~Sa?MMtR?44??&\""J?8EDy2NaQ1T?T*Β	NlZ?o?|6?eq3RĄϳpԙkzgmp?Sci???G???2nm\\O?hc1<jptw8G1[K\\27]Sѩ?FWQ?=Nh??gy&s?7/Ќr29iYHBVd3?O'E>#\""?$l¦gsD?.???h??L$0f)\\qdT#?(Ei2҉?*AqIl?|TE6#iϊ|F3d44w{t?P՛7???]Cӎqyft[[MöA51\\1TBהcx?6?:arw8G?n눳slcOhvۭNc?ДVV|WiѾ?\",,,,,,,,,,,,
\0i\0bϞ??s?<~??M??,gy>)pIM?Mp^9ܖn,,,,,,,,,,,
"\\F?\""8	\",,,,,,,,,,,,
s$&E)RP?8N+%???EH<??IgS??GצmI\\Vd?c?M%[z-?X.?ƺ\\?-f0?}}m?}a`wcpjjwL?zG}æ>{{dkjok6;Z;Z-.K?Ma`O~Ew?E;5B\,,,,,,,,,,,,
k4zF?J:d?2[?*s?eqgS,?gEnKϋ|V7e>1.+Y\,,,,,,,,,,,
"\""ѨL )?G<q!H?D	ZK&\""ΐ)",,,,,,,,,,,,
OPdeR,)IS?nJtV<?M挅CP_ª?x2{s<ccS]ns`ۺZ;\,,,,,,,,,,,
햖N[h7u9[:z-m]#]ͦfhns4{sM&KSmjw5`V[??w?w?,,,,,,,,,,,,
vJ=Tv?U*(hW~?\,,,,,,,,,,,,
ANSr\0\0 \0IDATXQ8`0#J2$eYESf:(?&!6eE>KQnSf2<??&H?E??=(J?d?Y:IIqlab<mTF`?YےMIF͘w?P\\fɛ?3^?8Vujt?\,,,,,,,,,,,,
?NGSgoo4ut4?;[?fFsmllrZlw~w?*,,,,,,,,,,,,
;u;wu;!?@E>X?VJ=P?VJ=?UJvi?\,,,,,,,,,,,,
"?pɡa`???}|'.<`\""dL:$>Q)HYE?Ŭ$m|F?<?$[&q@$?Lax.Vd\""b8EY:Q	IqLe?`?K?v??",'dY6)k?Sy[^PoNRk?|?eD&|s?#Qqek؛Mݍ]\,,,,,,,,,,,
͖FsMԹ?gji?utpt{γu?ֺ3uƺ&K}d?gL4?Ju;t?E]b]yT+?ڒ|m?,ӂZ? P_WPa?? ??MFS{?1D=???Gxp+?SQ)?QlB<$)㸈a9??xt{BDi2rR⨴lJtcR?fY&%pN\\Fh>piIܒd?G,m?i,,,,,,,,,,
񍟪v?W.}?_9?*4p[Fdjl174ՙj皌g?N5N5Zj5Mg;??\,,,,,,,,,,,,
FX{f?[/u*V???,ՃE?=X?@?,"te?v%\0ҁePyY]+Kvj?zFC?~?ssh@d?HlvK?Yi`TD0	%%f11??	B!?cM$i*Eib?Om",,,,,,,,,,
"dZa??C?z\""⨄",?ť.%p\0?\\?m_?=\,,,,,,,,,,,
_/~??uO?햮smCgM\\l\\kg]kW}|thj:Xk޷Q?}ܤ?+t`E>X?*򫊠P[Q(A%:? ?ԖhZm1\0@@)2=P?*???,,,,,,,,,,,,
Pea?\04?e'?(,?qT PE?B!q?c,"g?K')<ND3?K&xnS8`?>q1sBӒD??2??Qmo-P׮o>yjrt?rFs}\\f:?5Z|pTG?Ӊ#mcCuS?`?q]\0?WKu@q????@	\0l\",,,,,,,,,,
"Ae Xy?myq=XCz?_W?J?(UX\"";4N?4?j\",,,,,,,,,,,,
sHG?qTBQeI2PqqTILRx???C'q2qVIqrӉp\,,,,,,,,,,,,
??ܷhcß~(цևMU_|?Ox?_ꟙq9]v㹆3\,,,,,,,,,,,,
;Nwj4m3i704k?y~f*?z6?:تTBzp?ԁ:LC?@ITAP?RPMtq\0(**P?̇!m?,RX??Ԗr=TUYY??{J(ܗW\\?A\,,,,,,,,,,,
"f?0DQ	?L?4?jLx?b$c?Mh:J?ZJ*?/w?1>hY?(?Xo","?ӇO}bǔ?9)n{/]ӷT{*̃#?ixi2vִO6WqpdG?sszNq[g??CHiՀ{wUzDAPUu?@A\""P?w??A??`\0P\0?yzB?/@ELt@iN?X?*+STx`^8|?\",,,,,,,,,,,
"qTQ	?hX?!DPL(F	<QI\""FI?x\""?(x","sgqmxt|d%둕҂oo@oP?9}>߇oTzW'MֳZS}umn:s\\uꮦ~y؏!\""~c*?է?8֥wA`?(",ЕC?#lk9?Ԗ@@9\0`i^^A^^P!\0`1?y?Pv@?,A%\0u@i>T_,,,,,,,,,
|0?ЖCN?Ж?wk0?0Ey?DDa??<c,,,,,,,,,,,,
p$J`,,,,,,,,,,,,
"GQDB?b#ɨ\""eSI]l<~tcл4X\\G?ޅ?sɽ?uw?GƶQ?o?oݺ?V{?fWݡcS?\""YJ?.}c??-#>\\SxL	zL|?'^P?yۦ?t`@@?*JA?ԖlFB?Jv ?\0ePyNz\"":H{?¨HP11LQ	E$SL&09*J2?Q)+KUil???;k?=VҬ/wue%?̮?xfW|~չr'zt?i~~'ۿb^=?xi͎{O7Vdk??_ql<fZh7?s?ܞ?Pj??\0?\""\0(y`^?","ɕʜ?(?\0?w\0(AU Ph?RJ@WוB`q\0??;u`e~???AD?X(F?L?	EyIgH)|P??p{fl}=Ǫ&kyb?7??W+5Ott\",,,,,,,,,,,
jM_}k@ekK󇸩_?x?/?Ğ?B养5`ɟd?qj_?OXF2'?O\,,,,,,,,,,,,
*@?Ԗ僕|mi?e9~PV[\0X?Bm^W?,,,,,,,,,,,,
?uRFn*@@9?A?*\0BkueP~ŇRA{`?Ba6(?a)G#?I@B2?7mj?75t???`1;\,,,,,,,,,,,,
}@a`vl7=?kˡ5Ohyο0?5OT=9~6÷S?{goq&ߙ3Co?|zaTSr?4%}s/?R5\0x[??\0??r(?A?\0ʴb,??tyZ=?̕͜AH??srR,?@?,??,"̓w?r*_W?+uP???u;5A?\\°\""`",&aIIL8vM?>iwL?.cOM?.m?7pGm?&ژD?xzKyzKR߿^~O}/??WmQuŻC??ܥ9L<1W?;֢C??P??s?jHiyZ??:???M?,Cxy@?\0?BUi?@?إ4A?D@\,,,,,,
EHCQ!dVrl|xok5\,,,,,,,,,,,,
?VӠ?ltZ;f`t{.Wuxdhzz³.ϭϏ/OV`斦W{?l3?C?Wq??oymGnL{W?m?vhn׀?ޫ<,;/?}?SЀw蠪|\\?e@RKR(jsCW\0hy?y:-?\0Ey;?*\0P\0?o(ǵ*҃%?(A% X,,,,,,,,,,,
\0eZ?vC?RV\0N?M0̆>s??$#4;d55uZ?{?mvPWghm1wMA{k:=vM/?'<3cK?Ì1|S?~'^@_psTm/}7~f?{նy>r{uG|^<^}YEO?{dD. ?2P[?\,,,,,,,,,,,,
:/H?\0JrCi 0/?,,,,,,,,,,,,
rzM,r?(j`Wz*EA\\Wh+J@[jˠ?]A%JD!p??j?4m5\,,,,,,,,,,,
:&z?nG?dt??l?͝?`huX]??n'$q_]i(u[>}G_l?$̋??/Rp?5Ns}?޿@qG?,?P?CdYiSc?i,,,,,,,,,,,
"Nh4?]JԖL9?ˀ<?Km>Cۑ(R(??eDڒ\""*y?(փez?ҖbΚt?J?zp8`?E)",\\Z,,,,,,,,,,,
"Y;{{F{{F?z?9ڬfSe4Ym]s[[mfcbft޻?vQ?q?ڹ?0P=?R<\\rqWoW?O<O|}{ңMjj?~#Gv{}wޝ?~b@{3Ǐ?[g7?wi?PAz?bT:P`qh`?:|ŀ??`????`?*R=P-ׁ??* \""ws!X^\0Uu;sY*@m9U:m??p\\Yw8gGf{G#WwsjuZ?Vk_N]6GOkxj19F}Kх?Ғ/ ?nM?J+iU?m",??_F>A???Ci?ǎ?_q?e(k.\0?Ncdd3_l??wNlz\05P?,"**X	??!?sRP[?$`^1WhyzH[?s*\""*j??*t`es\\?@[hst??s-?z\0\0e|!o?r\",,,,,,,,,,
?:&?>W?`1?slX6?4?ij7>e??{ujlyq~uy~5$;_d羒;uw8xG??GRO?&ILܳs?oWu74@?4VUVnZ[7,0?`H!k$t%`?941<X,,,,,,,,,,,
;Ef<a??a8Y\,,,,,,,,,,,,
"CeEFe{??^3s8\\֗rBJ?? ?{ۛ&?LoRs\0C<zJ?cGtJCA?QHEgY?c>E!?AZZY9X?p	r)t9?6(u(?зP 4D?δٞkת;ioVf֪r]iv:?+ۛfӪW{z\\'G",,,,,,,,,,,,
"ŭtpu:8?^iBZ]\0{?<W~[O<~?w>7vO{ǆekys\""yG_pq?]ݚGt?T_4D?#b??!!!!Aj.F.?ŮC60?4	4fda?NLHHP?PL4cO??|??Ӄa?i5~??Q}ܪ;vRl?;Qb^?ۛb]nԫj]n?j?֥`piLOAs˦??}?ãwoܚ<~kşwk}go+/4wY?9=E?X?Wx","Aak\\sj?e ?T}1v v5']WI?LΠ\""؀@P?sBLl??HH",zDa?vOp@Q HȐ?LF??Md4o7GS֊Nkg^-jfXvr!?nhvwR??ŋrՏFWW?n椑A ?_˫?ɧ>qs_k?|?|.?^H{@?O?\\1Vbk\0,}??ښp.|}/W_tp?K#c>??F>?VXX:ڄs@?2\,,,,,,,,,
Ų`l0f+;?ٔ?{X?,,,,,,,,,,,,
1a?Ѡ?gQ4ZncҪRRnUjU,o?/?[V\\lWJbSv??+kޤ\\J^\\^KiXv?ʲ\\ϸ?η^G?y\\?_|w_}_w9vQ$[LgWҚm?n?y_ʵ>Ȝ??ĄDp^?k?\\[JAHHTUD,"\0I?JUpC\""E?g)",,,,,,,,,,
?q|0\,,,,,,,,,,,,
"{޴כvzv{zUBV[z)jUjw[hЉە?%??>p~s?כּ暥/zrr7o~ۿ{O[9?{?/W6Jq\""igfyvXYy?\0V?sի?\",,,,,,,,,,,,
"f?X??}ZkJ|:Z:??	??t???\0h?1'?BMDm?Dm???NByH緂=0q`~w0kwǝfUﶚj]);vVʃNu0lJVh??n]?GJؘ{g|K?;?9?˖<mZK\0z?^}??Cv\""ݕ$\",,,,,,,,,,,,
g}XɰC?XXoP_4xg?ډ^xd&%:E??A֧\,,,,,,,,,,,,
"?[pr-l?C\""???MJu\",,,,,,,,,,,,
iЉ!.!q?B\\H,\,,,,,,,,,,,
"?[k	##R",,,,,,,,,,,,
{4hN{ãp/zQ?hԣrUt,,,,,,,,,,,,
V-jW)un]+?wϙ|fsÕ?Sl>r鞓ZVhy)?ce+kꡩHk2{r?׾r???x\0Z?eʁ/,"M;8?Μm?}|z?\0?вdMsbpbq`?EHװay?tbKb D\""2%:BsWP92LP`p(fx#>c.rs83MD?h?MG",L{i?l6XJۨJkVn礟2ܤc'N?|,XVJI*C)Ҝ%uM=eȄ?0R?|xW?F?ػ\0rɴȦdvX1,"\""i^h|XwEB?:j?\0\0\",,,,,,,,
IDATaмc?@ąAH?Q?$0??qNuNl?N\,,,,,,,,,,,,
"bHT?A#>A.#?\\Bg??0Žٰ?{t<QkՇưQTJj9*rRlwz):?N\\[\""Eh?H?<$.SL2%yIbf\0HN&\\{/~7sg?~\0֪ǒL\""?WEc%'?H",,,,,,,,,,,,
?`vv??KihYBS&\,,,,,,,,,,,,
uK??D??Dt΋5214?F?&0?ΰΉj?,R?Ud!RbLFW;8>{q|0?~k4+Z[vQ??r]+vQT2Iy?&\,,,,,,,,,,,
?KKIp?FZ?)L?_ޙ?yvkq:{TfS,"I'׬?k5'\""Є?s@[ގ+@[4?hN???15)?1s?b\",,,,,,,,,,,
?MC(@j*l3?;#?Oy4ء4`(SfHga?p2<?t:8f?+V_t:aۭtkATS??aB)C?|?]OP0?zˤ`?>IwaЙU??_\0b?mثbN_X*?'[h{K^hL, jĢWEQ??#?tbc?d@\0,,,,,,,,,,,
\0u\0-t\,,,,,,,,,,,,
"\0?V?C ?;ڄ،@3??s8WO!PD>GAEa?~ыZJۯ׺ZQ?VXŒi9	KpK\""U?CCt=	))?@Οۻq}k{GON-JG?NX&/?",e@Y?{?n 60I??[?%rb䪗Db`P`H \02MJEf::ĎZ??,,,,,,,,,,,
(,,,,,,,,,,,,
"ԞIfOC\""si??0?\",,,,,,,,,,,,
?u2)??t8>?g?xoaqwڃF׬\,,,,,,,,,,,,
":͑bRӪ^GwpӀS_	:u<4dRPʐ@PI.\0\0و~?gko5o|al?0sK|a^;n",YK??,?ehv!\0\0-PdCģ?lJ`eE[AP(ƩƐF?????X%ٜ?JRb\,,,,,,,,,,
"R?`?`?)R?m:?Όpݏ[{Qk<N(L^Ԟ5TRVl\\ѹ7%??	Wb@S_@?%y\0ܟQy_=vi\0?PaN׌\",,,,,,,,,,,,
c}\\ˉŜȧX?}Ϟ?\0/?iGr ??_?Kٯ,,,,,,,,,,,,
?s\0AI\,,,,,,,,,,,,
iAZaVrlp?VRzPq!U}-??&``vmhpo?^sk,{QNuج;vRݼ|C??KP??0??r0?,"`\""FCCNmǯZ_?v{\0ri}?I-[+쓧̍%9OӴ?	M? Kz????MpgĢ\0ϡs?????#P (?	???_?͔GF9pCG]r)R6??j?4$?q`6?Qwq?ɠ;Ug4?Q{wP/J۝jԡ\""!y?C|J=DMBl?\\.CR\0&?\\",}{?YH?oY.evNv6_H?u-s???*-KI??[P`C0?0?t@S}+?YH3??5@F?r?*C?x9wBsؽ#dߙ+ԕ4U????hx0?Fn{2_?hԝ)l\,,,,,,,,,
"ޤێ^+ۛͭʕae((?K0?<E!13GRG58	\\&B??݈z??~?i*-uk锳~Y?i?})i?\",,,,,,,,,,,,
"l׀n-	Q?__)?B??jjk@\""B??Tws<m-e?Z?B&?g6gJ0v T?10amλߣc?'Gd|4I?unoMuܛQ?n7z\\\\\\|rB#'?egħ(`8AX/ERBm)CCDm\\}?Nã?.?w??ZfR4<鮞r66F?gReBI`II?p5\0p\""٣)u 4 ?r@j\",,,,,,,,,,,,
"?©H?QlPdQdtnAK㾶qrU?y\""Kx?͆ã^o/jO:?ڍtMG4FmPܩo_.m]*^>uы[E!m*<C?{I?F!|E?q0?N-ێV'&\\	J@r_7?kYf??('4?}'	)?N?R\0gDu҃C f`$4C?:B:?#&PP$].aaa?aANR|?g`D-?8?1{^4vA`2>??\\i7nP߼sι?]8?WWN2b?j?HQ?AB}F<J=D<Jx??TJ{OAI$ټ\\X5WER\\o!WGN|aCU?;B$p?jblaH?P5B?وѹBD큊r?SV3S]F:3{PSWי{~Wqpx-ΆÃQ|L^֫UZK?sg?t?J 4w??M04ɱψOI??\"".)?OZ.=a8|1 ?M+چ\""WҲ?˺(?G qOwb%?7?j?dB(?Rt?FC?d3?r{???Sǣ%MDp5?A?zq7q?\",,,,,,,,,,,,
"A<Lǣp;?>M+/y?<u?a2giF<?Q%8??p>9N0?R??qvpUO\""??KYnX\\?4`?A=N]F<Feo#d?|a?DdQdams??ȋJ9\",,,,,,,,,,,,
+.A\\J=B\\?BleK?§@ݍ??U?I?bÖ\0\0\0\0IENDB`?,Mike.Hillyer@sakilastaff.com,1,1,Mike,8cb2237d0679ca88db6464eac60da96345513964,2006/2/15 10:57,,,,,,
2,Jon,Stephens,4,\N,Jon.Stephens@sakilastaff.com,2,1,Jon,\N,2006/2/15 10:57,,
